SQL> SELECT USERNAME FROM DBA_USERS;

USERNAME                                                                        
------------------------------------------------------------                    
SYS                                                                             
SYSTEM                                                                          
ANONYMOUS                                                                       
JAVA                                                                            
JS                                                                              
APEX_PUBLIC_USER                                                                
FLOWS_FILES                                                                     
APEX_040000                                                                     
OUTLN                                                                           
DIP                                                                             
ORACLE_OCM                                                                      

USERNAME                                                                        
------------------------------------------------------------                    
XS$NULL                                                                         
MDSYS                                                                           
CTXSYS                                                                          
DBSNMP                                                                          
XDB                                                                             
APPQOSSYS                                                                       
HR                                                                              

18 rows selected.

SQL> --JS로 접속을전환
SQL> CONN JS/1234
Connected.
SQL> --딕셔너리로 현재 계정이 보유한 테이블 조회
SQL> SELECT TABLE_NAME FROM USER_TABLES;

TABLE_NAME                                                                      
------------------------------------------------------------                    
MEMBER                                                                          
MEMBER2                                                                         
MEMBER3                                                                         

SQL> --EMP 공부를 위해 접속을 바꾼다
SQL> CONN JAVA/1234
Connected.
SQL> SELECT TABLE_NAME FROM USER_TABLES;

TABLE_NAME                                                                      
------------------------------------------------------------                    
DEPT                                                                            
EMP                                                                             
TEST                                                                            

SQL> --테이블에서 중복된 데이터는 결점이 상당하다
SQL> SELECT * FROM DEPT;

    DEPTNO DNAME                        LOC                                     
---------- ---------------------------- --------------------------              
        10 ACCOUNTING                   NEW YORK                                
        20 RESEARCH                     DALLAS                                  
        30 SALES                        CHICAGO                                 
        40 OPERATIONS                   BOSTON                                  

SQL> SELECT * FROM EMP;

     EMPNO ENAME                JOB                       MGR HIREDATE          
---------- -------------------- ------------------ ---------- --------          
       SAL       COMM     DEPTNO                                                
---------- ---------- ----------                                                
      7369 SMITH                CLERK                    7902 80/12/17          
       800                    20                                                
                                                                                
      7499 ALLEN                SALESMAN                 7698 81/02/20          
      1600        300         30                                                
                                                                                
      7521 WARD                 SALESMAN                 7698 81/02/22          
      1250        500         30                                                
                                                                                

     EMPNO ENAME                JOB                       MGR HIREDATE          
---------- -------------------- ------------------ ---------- --------          
       SAL       COMM     DEPTNO                                                
---------- ---------- ----------                                                
      7566 JONES                MANAGER                  7839 81/04/02          
      2975                    20                                                
                                                                                
      7654 MARTIN               SALESMAN                 7698 81/09/28          
      1250       1400         30                                                
                                                                                
      7698 BLAKE                MANAGER                  7839 81/05/01          
      2850                    30                                                
                                                                                

     EMPNO ENAME                JOB                       MGR HIREDATE          
---------- -------------------- ------------------ ---------- --------          
       SAL       COMM     DEPTNO                                                
---------- ---------- ----------                                                
      7782 CLARK                MANAGER                  7839 81/06/09          
      2450                    10                                                
                                                                                
      7788 SCOTT                ANALYST                  7566 87/04/19          
      3000                    20                                                
                                                                                
      7839 KING                 PRESIDENT                     81/11/17          
      5000                    10                                                
                                                                                

     EMPNO ENAME                JOB                       MGR HIREDATE          
---------- -------------------- ------------------ ---------- --------          
       SAL       COMM     DEPTNO                                                
---------- ---------- ----------                                                
      7844 TURNER               SALESMAN                 7698 81/09/08          
      1500          0         30                                                
                                                                                
      7876 ADAMS                CLERK                    7788 87/05/23          
      1100                    20                                                
                                                                                
      7900 JAMES                CLERK                    7698 81/12/03          
       950                    30                                                
                                                                                

     EMPNO ENAME                JOB                       MGR HIREDATE          
---------- -------------------- ------------------ ---------- --------          
       SAL       COMM     DEPTNO                                                
---------- ---------- ----------                                                
      7902 FORD                 ANALYST                  7566 81/12/03          
      3000                    20                                                
                                                                                
      7934 MILLER               CLERK                    7782 82/01/23          
      1300                    10                                                
                                                                                

14 rows selected.

SQL> --SQLPLUS 자체 명령 중 한 라인에 들어갈 글자수 늘리기
SQL> SET LINE 400
SQL> SELECT * FROM EMP;

     EMPNO ENAME                JOB                       MGR HIREDATE        SAL       COMM     DEPTNO                                                                                                                                                                                                                                                                                                         
---------- -------------------- ------------------ ---------- -------- ---------- ---------- ----------                                                                                                                                                                                                                                                                                                         
      7369 SMITH                CLERK                    7902 80/12/17        800                    20                                                                                                                                                                                                                                                                                                         
      7499 ALLEN                SALESMAN                 7698 81/02/20       1600        300         30                                                                                                                                                                                                                                                                                                         
      7521 WARD                 SALESMAN                 7698 81/02/22       1250        500         30                                                                                                                                                                                                                                                                                                         
      7566 JONES                MANAGER                  7839 81/04/02       2975                    20                                                                                                                                                                                                                                                                                                         
      7654 MARTIN               SALESMAN                 7698 81/09/28       1250       1400         30                                                                                                                                                                                                                                                                                                         
      7698 BLAKE                MANAGER                  7839 81/05/01       2850                    30                                                                                                                                                                                                                                                                                                         
      7782 CLARK                MANAGER                  7839 81/06/09       2450                    10                                                                                                                                                                                                                                                                                                         
      7788 SCOTT                ANALYST                  7566 87/04/19       3000                    20                                                                                                                                                                                                                                                                                                         
      7839 KING                 PRESIDENT                     81/11/17       5000                    10                                                                                                                                                                                                                                                                                                         
      7844 TURNER               SALESMAN                 7698 81/09/08       1500          0         30                                                                                                                                                                                                                                                                                                         
      7876 ADAMS                CLERK                    7788 87/05/23       1100                    20                                                                                                                                                                                                                                                                                                         

     EMPNO ENAME                JOB                       MGR HIREDATE        SAL       COMM     DEPTNO                                                                                                                                                                                                                                                                                                         
---------- -------------------- ------------------ ---------- -------- ---------- ---------- ----------                                                                                                                                                                                                                                                                                                         
      7900 JAMES                CLERK                    7698 81/12/03        950                    30                                                                                                                                                                                                                                                                                                         
      7902 FORD                 ANALYST                  7566 81/12/03       3000                    20                                                                                                                                                                                                                                                                                                         
      7934 MILLER               CLERK                    7782 82/01/23       1300                    10                                                                                                                                                                                                                                                                                                         

14 rows selected.

SQL> /

     EMPNO ENAME                JOB                       MGR HIREDATE        SAL       COMM     DEPTNO                                                                                                                                                                                                                                                                                                         
---------- -------------------- ------------------ ---------- -------- ---------- ---------- ----------                                                                                                                                                                                                                                                                                                         
      7369 SMITH                CLERK                    7902 80/12/17        800                    20                                                                                                                                                                                                                                                                                                         
      7499 ALLEN                SALESMAN                 7698 81/02/20       1600        300         30                                                                                                                                                                                                                                                                                                         
      7521 WARD                 SALESMAN                 7698 81/02/22       1250        500         30                                                                                                                                                                                                                                                                                                         
      7566 JONES                MANAGER                  7839 81/04/02       2975                    20                                                                                                                                                                                                                                                                                                         
      7654 MARTIN               SALESMAN                 7698 81/09/28       1250       1400         30                                                                                                                                                                                                                                                                                                         
      7698 BLAKE                MANAGER                  7839 81/05/01       2850                    30                                                                                                                                                                                                                                                                                                         
      7782 CLARK                MANAGER                  7839 81/06/09       2450                    10                                                                                                                                                                                                                                                                                                         
      7788 SCOTT                ANALYST                  7566 87/04/19       3000                    20                                                                                                                                                                                                                                                                                                         
      7839 KING                 PRESIDENT                     81/11/17       5000                    10                                                                                                                                                                                                                                                                                                         
      7844 TURNER               SALESMAN                 7698 81/09/08       1500          0         30                                                                                                                                                                                                                                                                                                         
      7876 ADAMS                CLERK                    7788 87/05/23       1100                    20                                                                                                                                                                                                                                                                                                         

     EMPNO ENAME                JOB                       MGR HIREDATE        SAL       COMM     DEPTNO                                                                                                                                                                                                                                                                                                         
---------- -------------------- ------------------ ---------- -------- ---------- ---------- ----------                                                                                                                                                                                                                                                                                                         
      7900 JAMES                CLERK                    7698 81/12/03        950                    30                                                                                                                                                                                                                                                                                                         
      7902 FORD                 ANALYST                  7566 81/12/03       3000                    20                                                                                                                                                                                                                                                                                                         
      7934 MILLER               CLERK                    7782 82/01/23       1300                    10                                                                                                                                                                                                                                                                                                         

14 rows selected.

SQL> /

     EMPNO ENAME                JOB                       MGR HIREDATE        SAL       COMM     DEPTNO                                                                                                                                                                                                                                                                                                         
---------- -------------------- ------------------ ---------- -------- ---------- ---------- ----------                                                                                                                                                                                                                                                                                                         
      7369 SMITH                CLERK                    7902 80/12/17        800                    20                                                                                                                                                                                                                                                                                                         
      7499 ALLEN                SALESMAN                 7698 81/02/20       1600        300         30                                                                                                                                                                                                                                                                                                         
      7521 WARD                 SALESMAN                 7698 81/02/22       1250        500         30                                                                                                                                                                                                                                                                                                         
      7566 JONES                MANAGER                  7839 81/04/02       2975                    20                                                                                                                                                                                                                                                                                                         
      7654 MARTIN               SALESMAN                 7698 81/09/28       1250       1400         30                                                                                                                                                                                                                                                                                                         
      7698 BLAKE                MANAGER                  7839 81/05/01       2850                    30                                                                                                                                                                                                                                                                                                         
      7782 CLARK                MANAGER                  7839 81/06/09       2450                    10                                                                                                                                                                                                                                                                                                         
      7788 SCOTT                ANALYST                  7566 87/04/19       3000                    20                                                                                                                                                                                                                                                                                                         
      7839 KING                 PRESIDENT                     81/11/17       5000                    10                                                                                                                                                                                                                                                                                                         
      7844 TURNER               SALESMAN                 7698 81/09/08       1500          0         30                                                                                                                                                                                                                                                                                                         
      7876 ADAMS                CLERK                    7788 87/05/23       1100                    20                                                                                                                                                                                                                                                                                                         

     EMPNO ENAME                JOB                       MGR HIREDATE        SAL       COMM     DEPTNO                                                                                                                                                                                                                                                                                                         
---------- -------------------- ------------------ ---------- -------- ---------- ---------- ----------                                                                                                                                                                                                                                                                                                         
      7900 JAMES                CLERK                    7698 81/12/03        950                    30                                                                                                                                                                                                                                                                                                         
      7902 FORD                 ANALYST                  7566 81/12/03       3000                    20                                                                                                                                                                                                                                                                                                         
      7934 MILLER               CLERK                    7782 82/01/23       1300                    10                                                                                                                                                                                                                                                                                                         

14 rows selected.

SQL> SET LINE 600
SQL> /

     EMPNO ENAME                JOB                       MGR HIREDATE        SAL       COMM     DEPTNO                                                                                                                                                                                                                                                                                                                                                                                                                                                                                                                 
---------- -------------------- ------------------ ---------- -------- ---------- ---------- ----------                                                                                                                                                                                                                                                                                                                                                                                                                                                                                                                 
      7369 SMITH                CLERK                    7902 80/12/17        800                    20                                                                                                                                                                                                                                                                                                                                                                                                                                                                                                                 
      7499 ALLEN                SALESMAN                 7698 81/02/20       1600        300         30                                                                                                                                                                                                                                                                                                                                                                                                                                                                                                                 
      7521 WARD                 SALESMAN                 7698 81/02/22       1250        500         30                                                                                                                                                                                                                                                                                                                                                                                                                                                                                                                 
      7566 JONES                MANAGER                  7839 81/04/02       2975                    20                                                                                                                                                                                                                                                                                                                                                                                                                                                                                                                 
      7654 MARTIN               SALESMAN                 7698 81/09/28       1250       1400         30                                                                                                                                                                                                                                                                                                                                                                                                                                                                                                                 
      7698 BLAKE                MANAGER                  7839 81/05/01       2850                    30                                                                                                                                                                                                                                                                                                                                                                                                                                                                                                                 
      7782 CLARK                MANAGER                  7839 81/06/09       2450                    10                                                                                                                                                                                                                                                                                                                                                                                                                                                                                                                 
      7788 SCOTT                ANALYST                  7566 87/04/19       3000                    20                                                                                                                                                                                                                                                                                                                                                                                                                                                                                                                 
      7839 KING                 PRESIDENT                     81/11/17       5000                    10                                                                                                                                                                                                                                                                                                                                                                                                                                                                                                                 
      7844 TURNER               SALESMAN                 7698 81/09/08       1500          0         30                                                                                                                                                                                                                                                                                                                                                                                                                                                                                                                 
      7876 ADAMS                CLERK                    7788 87/05/23       1100                    20                                                                                                                                                                                                                                                                                                                                                                                                                                                                                                                 

     EMPNO ENAME                JOB                       MGR HIREDATE        SAL       COMM     DEPTNO                                                                                                                                                                                                                                                                                                                                                                                                                                                                                                                 
---------- -------------------- ------------------ ---------- -------- ---------- ---------- ----------                                                                                                                                                                                                                                                                                                                                                                                                                                                                                                                 
      7900 JAMES                CLERK                    7698 81/12/03        950                    30                                                                                                                                                                                                                                                                                                                                                                                                                                                                                                                 
      7902 FORD                 ANALYST                  7566 81/12/03       3000                    20                                                                                                                                                                                                                                                                                                                                                                                                                                                                                                                 
      7934 MILLER               CLERK                    7782 82/01/23       1300                    10                                                                                                                                                                                                                                                                                                                                                                                                                                                                                                                 

14 rows selected.

SQL> SET PAGESIZE 100
SQL> /

     EMPNO ENAME                JOB                       MGR HIREDATE        SAL       COMM     DEPTNO                                                                                                                                                                                                                                                                                                                                                                                                                                                                                                                 
---------- -------------------- ------------------ ---------- -------- ---------- ---------- ----------                                                                                                                                                                                                                                                                                                                                                                                                                                                                                                                 
      7369 SMITH                CLERK                    7902 80/12/17        800                    20                                                                                                                                                                                                                                                                                                                                                                                                                                                                                                                 
      7499 ALLEN                SALESMAN                 7698 81/02/20       1600        300         30                                                                                                                                                                                                                                                                                                                                                                                                                                                                                                                 
      7521 WARD                 SALESMAN                 7698 81/02/22       1250        500         30                                                                                                                                                                                                                                                                                                                                                                                                                                                                                                                 
      7566 JONES                MANAGER                  7839 81/04/02       2975                    20                                                                                                                                                                                                                                                                                                                                                                                                                                                                                                                 
      7654 MARTIN               SALESMAN                 7698 81/09/28       1250       1400         30                                                                                                                                                                                                                                                                                                                                                                                                                                                                                                                 
      7698 BLAKE                MANAGER                  7839 81/05/01       2850                    30                                                                                                                                                                                                                                                                                                                                                                                                                                                                                                                 
      7782 CLARK                MANAGER                  7839 81/06/09       2450                    10                                                                                                                                                                                                                                                                                                                                                                                                                                                                                                                 
      7788 SCOTT                ANALYST                  7566 87/04/19       3000                    20                                                                                                                                                                                                                                                                                                                                                                                                                                                                                                                 
      7839 KING                 PRESIDENT                     81/11/17       5000                    10                                                                                                                                                                                                                                                                                                                                                                                                                                                                                                                 
      7844 TURNER               SALESMAN                 7698 81/09/08       1500          0         30                                                                                                                                                                                                                                                                                                                                                                                                                                                                                                                 
      7876 ADAMS                CLERK                    7788 87/05/23       1100                    20                                                                                                                                                                                                                                                                                                                                                                                                                                                                                                                 
      7900 JAMES                CLERK                    7698 81/12/03        950                    30                                                                                                                                                                                                                                                                                                                                                                                                                                                                                                                 
      7902 FORD                 ANALYST                  7566 81/12/03       3000                    20                                                                                                                                                                                                                                                                                                                                                                                                                                                                                                                 
      7934 MILLER               CLERK                    7782 82/01/23       1300                    10                                                                                                                                                                                                                                                                                                                                                                                                                                                                                                                 

14 rows selected.

SQL> SELECT * FROM EMP;

     EMPNO ENAME                JOB                       MGR HIREDATE        SAL       COMM     DEPTNO                                                                                                                                                                                                                                                                                                                                                                                                                                                                                                                 
---------- -------------------- ------------------ ---------- -------- ---------- ---------- ----------                                                                                                                                                                                                                                                                                                                                                                                                                                                                                                                 
      7369 SMITH                CLERK                    7902 80/12/17        800                    20                                                                                                                                                                                                                                                                                                                                                                                                                                                                                                                 
      7499 ALLEN                SALESMAN                 7698 81/02/20       1600        300         30                                                                                                                                                                                                                                                                                                                                                                                                                                                                                                                 
      7521 WARD                 SALESMAN                 7698 81/02/22       1250        500         30                                                                                                                                                                                                                                                                                                                                                                                                                                                                                                                 
      7566 JONES                MANAGER                  7839 81/04/02       2975                    20                                                                                                                                                                                                                                                                                                                                                                                                                                                                                                                 
      7654 MARTIN               SALESMAN                 7698 81/09/28       1250       1400         30                                                                                                                                                                                                                                                                                                                                                                                                                                                                                                                 
      7698 BLAKE                MANAGER                  7839 81/05/01       2850                    30                                                                                                                                                                                                                                                                                                                                                                                                                                                                                                                 
      7782 CLARK                MANAGER                  7839 81/06/09       2450                    10                                                                                                                                                                                                                                                                                                                                                                                                                                                                                                                 
      7788 SCOTT                ANALYST                  7566 87/04/19       3000                    20                                                                                                                                                                                                                                                                                                                                                                                                                                                                                                                 
      7839 KING                 PRESIDENT                     81/11/17       5000                    10                                                                                                                                                                                                                                                                                                                                                                                                                                                                                                                 
      7844 TURNER               SALESMAN                 7698 81/09/08       1500          0         30                                                                                                                                                                                                                                                                                                                                                                                                                                                                                                                 
      7876 ADAMS                CLERK                    7788 87/05/23       1100                    20                                                                                                                                                                                                                                                                                                                                                                                                                                                                                                                 
      7900 JAMES                CLERK                    7698 81/12/03        950                    30                                                                                                                                                                                                                                                                                                                                                                                                                                                                                                                 
      7902 FORD                 ANALYST                  7566 81/12/03       3000                    20                                                                                                                                                                                                                                                                                                                                                                                                                                                                                                                 
      7934 MILLER               CLERK                    7782 82/01/23       1300                    10                                                                                                                                                                                                                                                                                                                                                                                                                                                                                                                 

14 rows selected.

SQL> SELECT ENAME, DEPTNO, SAL FROM EMP;

ENAME                    DEPTNO        SAL                                                                                                                                                                                                                                                                                                                                                                                                                                                                                                                                                                              
-------------------- ---------- ----------                                                                                                                                                                                                                                                                                                                                                                                                                                                                                                                                                                              
SMITH                        20        800                                                                                                                                                                                                                                                                                                                                                                                                                                                                                                                                                                              
ALLEN                        30       1600                                                                                                                                                                                                                                                                                                                                                                                                                                                                                                                                                                              
WARD                         30       1250                                                                                                                                                                                                                                                                                                                                                                                                                                                                                                                                                                              
JONES                        20       2975                                                                                                                                                                                                                                                                                                                                                                                                                                                                                                                                                                              
MARTIN                       30       1250                                                                                                                                                                                                                                                                                                                                                                                                                                                                                                                                                                              
BLAKE                        30       2850                                                                                                                                                                                                                                                                                                                                                                                                                                                                                                                                                                              
CLARK                        10       2450                                                                                                                                                                                                                                                                                                                                                                                                                                                                                                                                                                              
SCOTT                        20       3000                                                                                                                                                                                                                                                                                                                                                                                                                                                                                                                                                                              
KING                         10       5000                                                                                                                                                                                                                                                                                                                                                                                                                                                                                                                                                                              
TURNER                       30       1500                                                                                                                                                                                                                                                                                                                                                                                                                                                                                                                                                                              
ADAMS                        20       1100                                                                                                                                                                                                                                                                                                                                                                                                                                                                                                                                                                              
JAMES                        30        950                                                                                                                                                                                                                                                                                                                                                                                                                                                                                                                                                                              
FORD                         20       3000                                                                                                                                                                                                                                                                                                                                                                                                                                                                                                                                                                              
MILLER                       10       1300                                                                                                                                                                                                                                                                                                                                                                                                                                                                                                                                                                              

14 rows selected.

SQL> --원래 하나였던 EMP와 DEPT 를 다시합쳐서 보여주자
SQL> ED
Wrote file afiedt.buf

  1  SELECT  ENAME, SAL, DNAME, LOC
  2* FROM  EMP LEFT JOIN  DEPT
SQL> /
FROM  EMP LEFT JOIN  DEPT
                        *
ERROR at line 2:
ORA-00905: missing keyword 


SQL> ED
Wrote file afiedt.buf

  1  SELECT  ENAME, SAL, DNAME, LOC
  2* FROM  EMP , DEPT
SQL> /

ENAME                       SAL DNAME                        LOC                                                                                                                                                                                                                                                                                                                                                                                                                                                                                                                                                        
-------------------- ---------- ---------------------------- --------------------------                                                                                                                                                                                                                                                                                                                                                                                                                                                                                                                                 
SMITH                       800 ACCOUNTING                   NEW YORK                                                                                                                                                                                                                                                                                                                                                                                                                                                                                                                                                   
ALLEN                      1600 ACCOUNTING                   NEW YORK                                                                                                                                                                                                                                                                                                                                                                                                                                                                                                                                                   
WARD                       1250 ACCOUNTING                   NEW YORK                                                                                                                                                                                                                                                                                                                                                                                                                                                                                                                                                   
JONES                      2975 ACCOUNTING                   NEW YORK                                                                                                                                                                                                                                                                                                                                                                                                                                                                                                                                                   
MARTIN                     1250 ACCOUNTING                   NEW YORK                                                                                                                                                                                                                                                                                                                                                                                                                                                                                                                                                   
BLAKE                      2850 ACCOUNTING                   NEW YORK                                                                                                                                                                                                                                                                                                                                                                                                                                                                                                                                                   
CLARK                      2450 ACCOUNTING                   NEW YORK                                                                                                                                                                                                                                                                                                                                                                                                                                                                                                                                                   
SCOTT                      3000 ACCOUNTING                   NEW YORK                                                                                                                                                                                                                                                                                                                                                                                                                                                                                                                                                   
KING                       5000 ACCOUNTING                   NEW YORK                                                                                                                                                                                                                                                                                                                                                                                                                                                                                                                                                   
TURNER                     1500 ACCOUNTING                   NEW YORK                                                                                                                                                                                                                                                                                                                                                                                                                                                                                                                                                   
ADAMS                      1100 ACCOUNTING                   NEW YORK                                                                                                                                                                                                                                                                                                                                                                                                                                                                                                                                                   
JAMES                       950 ACCOUNTING                   NEW YORK                                                                                                                                                                                                                                                                                                                                                                                                                                                                                                                                                   
FORD                       3000 ACCOUNTING                   NEW YORK                                                                                                                                                                                                                                                                                                                                                                                                                                                                                                                                                   
MILLER                     1300 ACCOUNTING                   NEW YORK                                                                                                                                                                                                                                                                                                                                                                                                                                                                                                                                                   
SMITH                       800 RESEARCH                     DALLAS                                                                                                                                                                                                                                                                                                                                                                                                                                                                                                                                                     
ALLEN                      1600 RESEARCH                     DALLAS                                                                                                                                                                                                                                                                                                                                                                                                                                                                                                                                                     
WARD                       1250 RESEARCH                     DALLAS                                                                                                                                                                                                                                                                                                                                                                                                                                                                                                                                                     
JONES                      2975 RESEARCH                     DALLAS                                                                                                                                                                                                                                                                                                                                                                                                                                                                                                                                                     
MARTIN                     1250 RESEARCH                     DALLAS                                                                                                                                                                                                                                                                                                                                                                                                                                                                                                                                                     
BLAKE                      2850 RESEARCH                     DALLAS                                                                                                                                                                                                                                                                                                                                                                                                                                                                                                                                                     
CLARK                      2450 RESEARCH                     DALLAS                                                                                                                                                                                                                                                                                                                                                                                                                                                                                                                                                     
SCOTT                      3000 RESEARCH                     DALLAS                                                                                                                                                                                                                                                                                                                                                                                                                                                                                                                                                     
KING                       5000 RESEARCH                     DALLAS                                                                                                                                                                                                                                                                                                                                                                                                                                                                                                                                                     
TURNER                     1500 RESEARCH                     DALLAS                                                                                                                                                                                                                                                                                                                                                                                                                                                                                                                                                     
ADAMS                      1100 RESEARCH                     DALLAS                                                                                                                                                                                                                                                                                                                                                                                                                                                                                                                                                     
JAMES                       950 RESEARCH                     DALLAS                                                                                                                                                                                                                                                                                                                                                                                                                                                                                                                                                     
FORD                       3000 RESEARCH                     DALLAS                                                                                                                                                                                                                                                                                                                                                                                                                                                                                                                                                     
MILLER                     1300 RESEARCH                     DALLAS                                                                                                                                                                                                                                                                                                                                                                                                                                                                                                                                                     
SMITH                       800 SALES                        CHICAGO                                                                                                                                                                                                                                                                                                                                                                                                                                                                                                                                                    
ALLEN                      1600 SALES                        CHICAGO                                                                                                                                                                                                                                                                                                                                                                                                                                                                                                                                                    
WARD                       1250 SALES                        CHICAGO                                                                                                                                                                                                                                                                                                                                                                                                                                                                                                                                                    
JONES                      2975 SALES                        CHICAGO                                                                                                                                                                                                                                                                                                                                                                                                                                                                                                                                                    
MARTIN                     1250 SALES                        CHICAGO                                                                                                                                                                                                                                                                                                                                                                                                                                                                                                                                                    
BLAKE                      2850 SALES                        CHICAGO                                                                                                                                                                                                                                                                                                                                                                                                                                                                                                                                                    
CLARK                      2450 SALES                        CHICAGO                                                                                                                                                                                                                                                                                                                                                                                                                                                                                                                                                    
SCOTT                      3000 SALES                        CHICAGO                                                                                                                                                                                                                                                                                                                                                                                                                                                                                                                                                    
KING                       5000 SALES                        CHICAGO                                                                                                                                                                                                                                                                                                                                                                                                                                                                                                                                                    
TURNER                     1500 SALES                        CHICAGO                                                                                                                                                                                                                                                                                                                                                                                                                                                                                                                                                    
ADAMS                      1100 SALES                        CHICAGO                                                                                                                                                                                                                                                                                                                                                                                                                                                                                                                                                    
JAMES                       950 SALES                        CHICAGO                                                                                                                                                                                                                                                                                                                                                                                                                                                                                                                                                    
FORD                       3000 SALES                        CHICAGO                                                                                                                                                                                                                                                                                                                                                                                                                                                                                                                                                    
MILLER                     1300 SALES                        CHICAGO                                                                                                                                                                                                                                                                                                                                                                                                                                                                                                                                                    
SMITH                       800 OPERATIONS                   BOSTON                                                                                                                                                                                                                                                                                                                                                                                                                                                                                                                                                     
ALLEN                      1600 OPERATIONS                   BOSTON                                                                                                                                                                                                                                                                                                                                                                                                                                                                                                                                                     
WARD                       1250 OPERATIONS                   BOSTON                                                                                                                                                                                                                                                                                                                                                                                                                                                                                                                                                     
JONES                      2975 OPERATIONS                   BOSTON                                                                                                                                                                                                                                                                                                                                                                                                                                                                                                                                                     
MARTIN                     1250 OPERATIONS                   BOSTON                                                                                                                                                                                                                                                                                                                                                                                                                                                                                                                                                     
BLAKE                      2850 OPERATIONS                   BOSTON                                                                                                                                                                                                                                                                                                                                                                                                                                                                                                                                                     
CLARK                      2450 OPERATIONS                   BOSTON                                                                                                                                                                                                                                                                                                                                                                                                                                                                                                                                                     
SCOTT                      3000 OPERATIONS                   BOSTON                                                                                                                                                                                                                                                                                                                                                                                                                                                                                                                                                     
KING                       5000 OPERATIONS                   BOSTON                                                                                                                                                                                                                                                                                                                                                                                                                                                                                                                                                     
TURNER                     1500 OPERATIONS                   BOSTON                                                                                                                                                                                                                                                                                                                                                                                                                                                                                                                                                     
ADAMS                      1100 OPERATIONS                   BOSTON                                                                                                                                                                                                                                                                                                                                                                                                                                                                                                                                                     
JAMES                       950 OPERATIONS                   BOSTON                                                                                                                                                                                                                                                                                                                                                                                                                                                                                                                                                     
FORD                       3000 OPERATIONS                   BOSTON                                                                                                                                                                                                                                                                                                                                                                                                                                                                                                                                                     
MILLER                     1300 OPERATIONS                   BOSTON                                                                                                                                                                                                                                                                                                                                                                                                                                                                                                                                                     

56 rows selected.

SQL> ED
Wrote file afiedt.buf

  1  SELECT  ENAME, SAL, DNAME, LOC
  2  FROM  EMP , DEPT
  3* WHERE EMP.DEPTNO=DEPT.DEPTNO
SQL> /

ENAME                       SAL DNAME                        LOC                                                                                                                                                                                                                                                                                                                                                                                                                                                                                                                                                        
-------------------- ---------- ---------------------------- --------------------------                                                                                                                                                                                                                                                                                                                                                                                                                                                                                                                                 
SMITH                       800 RESEARCH                     DALLAS                                                                                                                                                                                                                                                                                                                                                                                                                                                                                                                                                     
ALLEN                      1600 SALES                        CHICAGO                                                                                                                                                                                                                                                                                                                                                                                                                                                                                                                                                    
WARD                       1250 SALES                        CHICAGO                                                                                                                                                                                                                                                                                                                                                                                                                                                                                                                                                    
JONES                      2975 RESEARCH                     DALLAS                                                                                                                                                                                                                                                                                                                                                                                                                                                                                                                                                     
MARTIN                     1250 SALES                        CHICAGO                                                                                                                                                                                                                                                                                                                                                                                                                                                                                                                                                    
BLAKE                      2850 SALES                        CHICAGO                                                                                                                                                                                                                                                                                                                                                                                                                                                                                                                                                    
CLARK                      2450 ACCOUNTING                   NEW YORK                                                                                                                                                                                                                                                                                                                                                                                                                                                                                                                                                   
SCOTT                      3000 RESEARCH                     DALLAS                                                                                                                                                                                                                                                                                                                                                                                                                                                                                                                                                     
KING                       5000 ACCOUNTING                   NEW YORK                                                                                                                                                                                                                                                                                                                                                                                                                                                                                                                                                   
TURNER                     1500 SALES                        CHICAGO                                                                                                                                                                                                                                                                                                                                                                                                                                                                                                                                                    
ADAMS                      1100 RESEARCH                     DALLAS                                                                                                                                                                                                                                                                                                                                                                                                                                                                                                                                                     
JAMES                       950 SALES                        CHICAGO                                                                                                                                                                                                                                                                                                                                                                                                                                                                                                                                                    
FORD                       3000 RESEARCH                     DALLAS                                                                                                                                                                                                                                                                                                                                                                                                                                                                                                                                                     
MILLER                     1300 ACCOUNTING                   NEW YORK                                                                                                                                                                                                                                                                                                                                                                                                                                                                                                                                                   

14 rows selected.

SQL> SET PAGE 50
SP2-0158: unknown SET option "PAGE"
SQL> SET PAGESIZE 50
SQL> /

ENAME                       SAL DNAME                        LOC                                                                                                                                                                                                                                                                                                                                                                                                                                                                                                                                                        
-------------------- ---------- ---------------------------- --------------------------                                                                                                                                                                                                                                                                                                                                                                                                                                                                                                                                 
SMITH                       800 RESEARCH                     DALLAS                                                                                                                                                                                                                                                                                                                                                                                                                                                                                                                                                     
ALLEN                      1600 SALES                        CHICAGO                                                                                                                                                                                                                                                                                                                                                                                                                                                                                                                                                    
WARD                       1250 SALES                        CHICAGO                                                                                                                                                                                                                                                                                                                                                                                                                                                                                                                                                    
JONES                      2975 RESEARCH                     DALLAS                                                                                                                                                                                                                                                                                                                                                                                                                                                                                                                                                     
MARTIN                     1250 SALES                        CHICAGO                                                                                                                                                                                                                                                                                                                                                                                                                                                                                                                                                    
BLAKE                      2850 SALES                        CHICAGO                                                                                                                                                                                                                                                                                                                                                                                                                                                                                                                                                    
CLARK                      2450 ACCOUNTING                   NEW YORK                                                                                                                                                                                                                                                                                                                                                                                                                                                                                                                                                   
SCOTT                      3000 RESEARCH                     DALLAS                                                                                                                                                                                                                                                                                                                                                                                                                                                                                                                                                     
KING                       5000 ACCOUNTING                   NEW YORK                                                                                                                                                                                                                                                                                                                                                                                                                                                                                                                                                   
TURNER                     1500 SALES                        CHICAGO                                                                                                                                                                                                                                                                                                                                                                                                                                                                                                                                                    
ADAMS                      1100 RESEARCH                     DALLAS                                                                                                                                                                                                                                                                                                                                                                                                                                                                                                                                                     
JAMES                       950 SALES                        CHICAGO                                                                                                                                                                                                                                                                                                                                                                                                                                                                                                                                                    
FORD                       3000 RESEARCH                     DALLAS                                                                                                                                                                                                                                                                                                                                                                                                                                                                                                                                                     
MILLER                     1300 ACCOUNTING                   NEW YORK                                                                                                                                                                                                                                                                                                                                                                                                                                                                                                                                                   

14 rows selected.

SQL> /

ENAME                       SAL DNAME                        LOC                                                                                                                                                                                                                                                                                                                                                                                                                                                                                                                                                        
-------------------- ---------- ---------------------------- --------------------------                                                                                                                                                                                                                                                                                                                                                                                                                                                                                                                                 
SMITH                       800 RESEARCH                     DALLAS                                                                                                                                                                                                                                                                                                                                                                                                                                                                                                                                                     
ALLEN                      1600 SALES                        CHICAGO                                                                                                                                                                                                                                                                                                                                                                                                                                                                                                                                                    
WARD                       1250 SALES                        CHICAGO                                                                                                                                                                                                                                                                                                                                                                                                                                                                                                                                                    
JONES                      2975 RESEARCH                     DALLAS                                                                                                                                                                                                                                                                                                                                                                                                                                                                                                                                                     
MARTIN                     1250 SALES                        CHICAGO                                                                                                                                                                                                                                                                                                                                                                                                                                                                                                                                                    
BLAKE                      2850 SALES                        CHICAGO                                                                                                                                                                                                                                                                                                                                                                                                                                                                                                                                                    
CLARK                      2450 ACCOUNTING                   NEW YORK                                                                                                                                                                                                                                                                                                                                                                                                                                                                                                                                                   
SCOTT                      3000 RESEARCH                     DALLAS                                                                                                                                                                                                                                                                                                                                                                                                                                                                                                                                                     
KING                       5000 ACCOUNTING                   NEW YORK                                                                                                                                                                                                                                                                                                                                                                                                                                                                                                                                                   
TURNER                     1500 SALES                        CHICAGO                                                                                                                                                                                                                                                                                                                                                                                                                                                                                                                                                    
ADAMS                      1100 RESEARCH                     DALLAS                                                                                                                                                                                                                                                                                                                                                                                                                                                                                                                                                     
JAMES                       950 SALES                        CHICAGO                                                                                                                                                                                                                                                                                                                                                                                                                                                                                                                                                    
FORD                       3000 RESEARCH                     DALLAS                                                                                                                                                                                                                                                                                                                                                                                                                                                                                                                                                     
MILLER                     1300 ACCOUNTING                   NEW YORK                                                                                                                                                                                                                                                                                                                                                                                                                                                                                                                                                   

14 rows selected.

SQL> SET LINE 350
SQL> /

ENAME                       SAL DNAME                        LOC                                                                                                                                                                                                                                                                                              
-------------------- ---------- ---------------------------- --------------------------                                                                                                                                                                                                                                                                       
SMITH                       800 RESEARCH                     DALLAS                                                                                                                                                                                                                                                                                           
ALLEN                      1600 SALES                        CHICAGO                                                                                                                                                                                                                                                                                          
WARD                       1250 SALES                        CHICAGO                                                                                                                                                                                                                                                                                          
JONES                      2975 RESEARCH                     DALLAS                                                                                                                                                                                                                                                                                           
MARTIN                     1250 SALES                        CHICAGO                                                                                                                                                                                                                                                                                          
BLAKE                      2850 SALES                        CHICAGO                                                                                                                                                                                                                                                                                          
CLARK                      2450 ACCOUNTING                   NEW YORK                                                                                                                                                                                                                                                                                         
SCOTT                      3000 RESEARCH                     DALLAS                                                                                                                                                                                                                                                                                           
KING                       5000 ACCOUNTING                   NEW YORK                                                                                                                                                                                                                                                                                         
TURNER                     1500 SALES                        CHICAGO                                                                                                                                                                                                                                                                                          
ADAMS                      1100 RESEARCH                     DALLAS                                                                                                                                                                                                                                                                                           
JAMES                       950 SALES                        CHICAGO                                                                                                                                                                                                                                                                                          
FORD                       3000 RESEARCH                     DALLAS                                                                                                                                                                                                                                                                                           
MILLER                     1300 ACCOUNTING                   NEW YORK                                                                                                                                                                                                                                                                                         

14 rows selected.

SQL> /

ENAME                       SAL DNAME                        LOC                                                                                                                                                                                                                                                                                              
-------------------- ---------- ---------------------------- --------------------------                                                                                                                                                                                                                                                                       
SMITH                       800 RESEARCH                     DALLAS                                                                                                                                                                                                                                                                                           
ALLEN                      1600 SALES                        CHICAGO                                                                                                                                                                                                                                                                                          
WARD                       1250 SALES                        CHICAGO                                                                                                                                                                                                                                                                                          
JONES                      2975 RESEARCH                     DALLAS                                                                                                                                                                                                                                                                                           
MARTIN                     1250 SALES                        CHICAGO                                                                                                                                                                                                                                                                                          
BLAKE                      2850 SALES                        CHICAGO                                                                                                                                                                                                                                                                                          
CLARK                      2450 ACCOUNTING                   NEW YORK                                                                                                                                                                                                                                                                                         
SCOTT                      3000 RESEARCH                     DALLAS                                                                                                                                                                                                                                                                                           
KING                       5000 ACCOUNTING                   NEW YORK                                                                                                                                                                                                                                                                                         
TURNER                     1500 SALES                        CHICAGO                                                                                                                                                                                                                                                                                          
ADAMS                      1100 RESEARCH                     DALLAS                                                                                                                                                                                                                                                                                           
JAMES                       950 SALES                        CHICAGO                                                                                                                                                                                                                                                                                          
FORD                       3000 RESEARCH                     DALLAS                                                                                                                                                                                                                                                                                           
MILLER                     1300 ACCOUNTING                   NEW YORK                                                                                                                                                                                                                                                                                         

14 rows selected.

SQL> SET LINE 200
SQL> /

ENAME                       SAL DNAME                        LOC                                                                                                                                        
-------------------- ---------- ---------------------------- --------------------------                                                                                                                 
SMITH                       800 RESEARCH                     DALLAS                                                                                                                                     
ALLEN                      1600 SALES                        CHICAGO                                                                                                                                    
WARD                       1250 SALES                        CHICAGO                                                                                                                                    
JONES                      2975 RESEARCH                     DALLAS                                                                                                                                     
MARTIN                     1250 SALES                        CHICAGO                                                                                                                                    
BLAKE                      2850 SALES                        CHICAGO                                                                                                                                    
CLARK                      2450 ACCOUNTING                   NEW YORK                                                                                                                                   
SCOTT                      3000 RESEARCH                     DALLAS                                                                                                                                     
KING                       5000 ACCOUNTING                   NEW YORK                                                                                                                                   
TURNER                     1500 SALES                        CHICAGO                                                                                                                                    
ADAMS                      1100 RESEARCH                     DALLAS                                                                                                                                     
JAMES                       950 SALES                        CHICAGO                                                                                                                                    
FORD                       3000 RESEARCH                     DALLAS                                                                                                                                     
MILLER                     1300 ACCOUNTING                   NEW YORK                                                                                                                                   

14 rows selected.

SQL> SET LINE 150
SQL> /

ENAME                       SAL DNAME                        LOC                                                                                      
-------------------- ---------- ---------------------------- --------------------------                                                               
SMITH                       800 RESEARCH                     DALLAS                                                                                   
ALLEN                      1600 SALES                        CHICAGO                                                                                  
WARD                       1250 SALES                        CHICAGO                                                                                  
JONES                      2975 RESEARCH                     DALLAS                                                                                   
MARTIN                     1250 SALES                        CHICAGO                                                                                  
BLAKE                      2850 SALES                        CHICAGO                                                                                  
CLARK                      2450 ACCOUNTING                   NEW YORK                                                                                 
SCOTT                      3000 RESEARCH                     DALLAS                                                                                   
KING                       5000 ACCOUNTING                   NEW YORK                                                                                 
TURNER                     1500 SALES                        CHICAGO                                                                                  
ADAMS                      1100 RESEARCH                     DALLAS                                                                                   
JAMES                       950 SALES                        CHICAGO                                                                                  
FORD                       3000 RESEARCH                     DALLAS                                                                                   
MILLER                     1300 ACCOUNTING                   NEW YORK                                                                                 

14 rows selected.

SQL> /

ENAME                       SAL DNAME                        LOC                                                                                      
-------------------- ---------- ---------------------------- --------------------------                                                               
SMITH                       800 RESEARCH                     DALLAS                                                                                   
ALLEN                      1600 SALES                        CHICAGO                                                                                  
WARD                       1250 SALES                        CHICAGO                                                                                  
JONES                      2975 RESEARCH                     DALLAS                                                                                   
MARTIN                     1250 SALES                        CHICAGO                                                                                  
BLAKE                      2850 SALES                        CHICAGO                                                                                  
CLARK                      2450 ACCOUNTING                   NEW YORK                                                                                 
SCOTT                      3000 RESEARCH                     DALLAS                                                                                   
KING                       5000 ACCOUNTING                   NEW YORK                                                                                 
TURNER                     1500 SALES                        CHICAGO                                                                                  
ADAMS                      1100 RESEARCH                     DALLAS                                                                                   
JAMES                       950 SALES                        CHICAGO                                                                                  
FORD                       3000 RESEARCH                     DALLAS                                                                                   
MILLER                     1300 ACCOUNTING                   NEW YORK                                                                                 

14 rows selected.

SQL> SET LINE 400
SQL> //

ENAME                       SAL DNAME                        LOC                                                                                                                                                                                                                                                                                                                                                
-------------------- ---------- ---------------------------- --------------------------                                                                                                                                                                                                                                                                                                                         
SMITH                       800 RESEARCH                     DALLAS                                                                                                                                                                                                                                                                                                                                             
ALLEN                      1600 SALES                        CHICAGO                                                                                                                                                                                                                                                                                                                                            
WARD                       1250 SALES                        CHICAGO                                                                                                                                                                                                                                                                                                                                            
JONES                      2975 RESEARCH                     DALLAS                                                                                                                                                                                                                                                                                                                                             
MARTIN                     1250 SALES                        CHICAGO                                                                                                                                                                                                                                                                                                                                            
BLAKE                      2850 SALES                        CHICAGO                                                                                                                                                                                                                                                                                                                                            
CLARK                      2450 ACCOUNTING                   NEW YORK                                                                                                                                                                                                                                                                                                                                           
SCOTT                      3000 RESEARCH                     DALLAS                                                                                                                                                                                                                                                                                                                                             
KING                       5000 ACCOUNTING                   NEW YORK                                                                                                                                                                                                                                                                                                                                           
TURNER                     1500 SALES                        CHICAGO                                                                                                                                                                                                                                                                                                                                            
ADAMS                      1100 RESEARCH                     DALLAS                                                                                                                                                                                                                                                                                                                                             
JAMES                       950 SALES                        CHICAGO                                                                                                                                                                                                                                                                                                                                            
FORD                       3000 RESEARCH                     DALLAS                                                                                                                                                                                                                                                                                                                                             
MILLER                     1300 ACCOUNTING                   NEW YORK                                                                                                                                                                                                                                                                                                                                           

14 rows selected.

SQL> DESC EMP;
 Name                                                                                                                                                                                                                                      Null?    Type
 ----------------------------------------------------------------------------------------------------------------------------------------------------------------------------------------------------------------------------------------- -------- ------------------------------------------------------------------------------------------------------------------------------------------------------------
 EMPNO                                                                                                                                                                                                                                     NOT NULL NUMBER
 ENAME                                                                                                                                                                                                                                              VARCHAR2(10)
 JOB                                                                                                                                                                                                                                                VARCHAR2(9)
 MGR                                                                                                                                                                                                                                                NUMBER
 HIREDATE                                                                                                                                                                                                                                           DATE
 SAL                                                                                                                                                                                                                                                NUMBER
 COMM                                                                                                                                                                                                                                               NUMBER
 DEPTNO                                                                                                                                                                                                                                             NUMBER

SQL> /

ENAME                       SAL DNAME                        LOC                                                                                                                                                                                                                                                                                                                                                
-------------------- ---------- ---------------------------- --------------------------                                                                                                                                                                                                                                                                                                                         
SMITH                       800 RESEARCH                     DALLAS                                                                                                                                                                                                                                                                                                                                             
ALLEN                      1600 SALES                        CHICAGO                                                                                                                                                                                                                                                                                                                                            
WARD                       1250 SALES                        CHICAGO                                                                                                                                                                                                                                                                                                                                            
JONES                      2975 RESEARCH                     DALLAS                                                                                                                                                                                                                                                                                                                                             
MARTIN                     1250 SALES                        CHICAGO                                                                                                                                                                                                                                                                                                                                            
BLAKE                      2850 SALES                        CHICAGO                                                                                                                                                                                                                                                                                                                                            
CLARK                      2450 ACCOUNTING                   NEW YORK                                                                                                                                                                                                                                                                                                                                           
SCOTT                      3000 RESEARCH                     DALLAS                                                                                                                                                                                                                                                                                                                                             
KING                       5000 ACCOUNTING                   NEW YORK                                                                                                                                                                                                                                                                                                                                           
TURNER                     1500 SALES                        CHICAGO                                                                                                                                                                                                                                                                                                                                            
ADAMS                      1100 RESEARCH                     DALLAS                                                                                                                                                                                                                                                                                                                                             
JAMES                       950 SALES                        CHICAGO                                                                                                                                                                                                                                                                                                                                            
FORD                       3000 RESEARCH                     DALLAS                                                                                                                                                                                                                                                                                                                                             
MILLER                     1300 ACCOUNTING                   NEW YORK                                                                                                                                                                                                                                                                                                                                           

14 rows selected.

SQL> /

ENAME                       SAL DNAME                        LOC                                                                                                                                                                                                                                                                                                                                                
-------------------- ---------- ---------------------------- --------------------------                                                                                                                                                                                                                                                                                                                         
SMITH                       800 RESEARCH                     DALLAS                                                                                                                                                                                                                                                                                                                                             
ALLEN                      1600 SALES                        CHICAGO                                                                                                                                                                                                                                                                                                                                            
WARD                       1250 SALES                        CHICAGO                                                                                                                                                                                                                                                                                                                                            
JONES                      2975 RESEARCH                     DALLAS                                                                                                                                                                                                                                                                                                                                             
MARTIN                     1250 SALES                        CHICAGO                                                                                                                                                                                                                                                                                                                                            
BLAKE                      2850 SALES                        CHICAGO                                                                                                                                                                                                                                                                                                                                            
CLARK                      2450 ACCOUNTING                   NEW YORK                                                                                                                                                                                                                                                                                                                                           
SCOTT                      3000 RESEARCH                     DALLAS                                                                                                                                                                                                                                                                                                                                             
KING                       5000 ACCOUNTING                   NEW YORK                                                                                                                                                                                                                                                                                                                                           
TURNER                     1500 SALES                        CHICAGO                                                                                                                                                                                                                                                                                                                                            
ADAMS                      1100 RESEARCH                     DALLAS                                                                                                                                                                                                                                                                                                                                             
JAMES                       950 SALES                        CHICAGO                                                                                                                                                                                                                                                                                                                                            
FORD                       3000 RESEARCH                     DALLAS                                                                                                                                                                                                                                                                                                                                             
MILLER                     1300 ACCOUNTING                   NEW YORK                                                                                                                                                                                                                                                                                                                                           

14 rows selected.

SQL> SPOOL OFF
